{
    "description": "Estimates age of browser and OS software.",
    "homepage": "https:\/\/github.com\/peterkahl\/Version2age",
    "copyright": "Peter Kahl",
    "license": "Apache-2.0",
    "released": 1524566271,
    "data": {
        "chrome": {
            "0.2": 1220313600,
            "0.3": 1225238400,
            "0.4": 1227484800,
            "1.0": 1228953600,
            "10.0": 1299542400,
            "20.0": 1340668800,
            "30.0": 1380585600,
            "31.0": 1384214400,
            "40.0": 1421712000,
            "41.0": 1425340800,
            "42.0": 1428969600,
            "43.0": 1431993600,
            "44.0": 1437436800,
            "45.0": 1441065600,
            "46.0": 1444694400,
            "47.0": 1448928000,
            "48.0": 1453248000,
            "49.0": 1456876800,
            "50.0": 1460505600,
            "51.0": 1464134400,
            "52.0": 1468972800,
            "53.0": 1472601600,
            "54.0": 1476230400,
            "55.0": 1480550400,
            "56.0": 1485302400,
            "57.0": 1489017600,
            "58.0": 1492560000,
            "59.0": 1496620800,
            "60.0": 1500940800,
            "61.0": 1504569600,
            "62.0": 1508198400,
            "63.0": 1512432000,
            "64.0": 1516752000,
            "65.0": 1520294400,
            "66.0": 1523923200
        },
        "edge": {
            "0.10": 1427673600,
            "0.11": 1428624000,
            "13.10122": 1432080000,
            "15.10130": 1432857600,
            "16.10136": 1434412800,
            "19.10149": 1435190400,
            "20.10158": 1435536000,
            "20.10159": 1435622400,
            "20.10162": 1435795200,
            "31.14267": 1455753600,
            "39.14971": 1479340800,
            "39.14977": 1480550400,
            "39.14986": 1481673600,
            "40.15063": 1491868800,
            "41.16299": 1506384000
        },
        "explorer": {
            "6.0": 998870400,
            "7.0": 1161129600,
            "8.0": 1237420800,
            "9.0": 1300060800,
            "10.0": 1351209600,
            "11.0": 1381968000
        },
        "firefox": {
            "3.0": 1213660800,
            "3.5": 1246320000,
            "3.6": 1264032000,
            "4.0": 1300752000,
            "5.0": 1308614400,
            "6.0": 1313452800,
            "7.0": 1317081600,
            "8.0": 1320710400,
            "9.0": 1324339200,
            "10.0": 1327968000,
            "20.0": 1364860800,
            "30.0": 1402358400,
            "40.0": 1439251200,
            "48.0": 1470096000,
            "49.0": 1474329600,
            "50.0": 1479168000,
            "51.0": 1485216000,
            "52.0": 1488844800,
            "53.0": 1492560000,
            "54.0": 1497312000,
            "55.0": 1502150400,
            "56.0": 1506556800,
            "57.0": 1510617600,
            "59.0": 1522077180
        },
        "lunascape": {
            "6.1": 1270080000,
            "6.5": 1304208000,
            "6.13": 1459468800,
            "6.14": 1462060800,
            "6.15": 1477958400
        },
        "maxthon": {
            "2.0": 1183248000,
            "3.0": 1283299200,
            "4.0": 1367798400,
            "4.2": 1396828800,
            "4.5": 1437955200,
            "5.0": 1504137600,
            "5.1": 1516060800,
            "5.2": 1517356800
        },
        "safari": {
            "6.1": 1407888000,
            "6.2": 1439424000,
            "9.1": 1472688000,
            "10.1": 1500422400,
            "11.1": 1522281600
        },
        "netsurf": {
            "1.0": 1179360000,
            "2.0": 1240617600,
            "3.0": 1366416000,
            "3.7": 1508457600
        },
        "opera": {
            "30.0": 1433808000,
            "40.0": 1474329600,
            "47.0": 1502236800,
            "48.0": 1506470400,
            "49.0": 1510099200,
            "50.0": 1515024000,
            "51.0": 1517961600
        },
        "samsungbrowser": {
            "4.0": 1456790400,
            "5.0": 1481846400,
            "5.4": 1493596800,
            "6.2": 1509321600
        },
        "seamonkey": {
            "2.0": 1256601600,
            "2.10": 1338940800,
            "2.20": 1375747200,
            "2.30": 1413331200,
            "2.48": 1501459200,
            "2.49": 1509753600
        },
        "android": {
            "4.0": 1318896000,
            "4.1": 1341792000,
            "4.4": 1383177600,
            "5.0": 1415750400,
            "6.0": 1444003200,
            "7.0": 1471824000,
            "8.0": 1503273600,
            "8.1": 1503273600
        },
        "ios": {
            "6.0": 1347926400,
            "7.0": 1379376000,
            "8.0": 1410825600,
            "8.2": 1425772800,
            "9.0": 1441670400,
            "10.0": 1473724800,
            "11.0": 1505779200,
            "11.1": 1509321600,
            "11.2": 1512086400,
            "11.3": 1522195200
        },
        "macos": {
            "10.5": 1193356800,
            "10.6": 1251417600,
            "10.7": 1311120000,
            "10.8": 1343174400,
            "10.9": 1382400000,
            "10.10": 1413417600,
            "10.11": 1443571200,
            "10.12": 1473379200,
            "10.13": 1506297600
        },
        "windows": {
            "5.1": 1003968000,
            "5.2": 1048809600,
            "6.0": 1164844800,
            "6.1": 1256169600,
            "6.2": 1351209600,
            "6.3": 1396915200,
            "10.0": 1438128000
        }
    }
}